State,Data Quality
Cross River,84.77366255144034
Nasarawa,84.92063492063492
Ekiti,84.97652582159625
Imo,86.16071428571429
Borno,86.95652173913044
