State,Data Quality
Gombe,77.46478873239437
Nasarawa,82.82828282828282
Bauchi,83.33333333333334
Imo,83.91608391608392
Cross River,84.77366255144034
