State,Data Quality
Nasarawa,83.47826086956522
Cross River,84.77366255144034
Ekiti,84.97652582159625
Imo,85.51401869158879
Borno,85.86387434554975
