State,Data Quality
Nasarawa,81.81818181818183
Cross River,84.64730290456431
Ekiti,84.83412322274881
Imo,84.93150684931507
Abia,86.07594936708861
