State,Data Quality
Gombe,73.58490566037736
Imo,80.53097345132744
Nasarawa,81.31868131868131
Borno,83.33333333333334
Cross River,84.77366255144034
