State,Data Quality
Gombe,82.22222222222221
Nasarawa,83.33333333333334
Imo,84.06593406593407
Cross River,84.77366255144034
Ekiti,84.97652582159625
