State,Data Quality
Nasarawa,84.42622950819673
Cross River,84.77366255144034
Ekiti,84.97652582159625
Imo,86.16071428571429
Borno,86.95652173913044
