State,Data Quality
Nasarawa,83.33333333333334
Gombe,84.0
Imo,84.375
Cross River,84.77366255144034
Ekiti,84.97652582159625
