State,Data Quality
Oyo,98.47560975609755
Ebonyi,98.4126984126984
Ogun,97.65625
Rivers,97.6271186440678
Edo,97.3404255319149
