State,Data Quality
Oyo,98.47560975609755
Ogun,97.65625
Rivers,97.6271186440678
Edo,97.3404255319149
Adamawa,97.26027397260275
