State,Data Quality
Oyo,98.47560975609755
Sokoto,98.27586206896551
Ogun,97.65625
Rivers,97.6271186440678
Edo,97.26775956284153
